codigo_mesa,departamento,provincia,distrito,fecha_registro_utc,pdf_created_utc,primer_humano_utc,delta_primer_humano_h,votos_validos,pdf_sha256
035986,LIMA,LIMA,LIMA,2026-04-13T02:02:21+00:00,2026-04-13T04:19:38+00:00,2026-04-13T04:19:58+00:00,2.29,197,61450e0dcbc1095e16881e50876feee5d6fcd36bb1d87c13392d1236b7812811
036046,LIMA,LIMA,LIMA,2026-04-13T01:09:16+00:00,2026-04-13T08:24:42+00:00,2026-04-13T08:25:21+00:00,7.27,217,590fbeba8cd09fe855469e1eadc40bf65e9c7adea122fd12536750c8461a9ad6
036052,LIMA,LIMA,LIMA,2026-04-13T00:54:10+00:00,2026-04-13T01:59:39+00:00,2026-04-13T01:59:56+00:00,1.10,219,af1921d87f0a20e2835dd5eb88fb2a8ea305c7140f98276c12b4176a1d91b93f
036054,LIMA,LIMA,LIMA,2026-04-13T01:32:29+00:00,2026-04-13T12:39:07+00:00,2026-04-13T12:39:50+00:00,11.12,221,8919c827f80c1feb593f4de02c98bfcbffcf3365c405349e2fb3afe8f222262c
036068,LIMA,LIMA,LIMA,2026-04-13T01:33:47+00:00,2026-04-13T12:53:53+00:00,2026-04-13T12:54:08+00:00,11.34,213,17a6c5134881515c30f52249f3295438aa264a3cf9d6be613af463c273bf9e1e
036069,LIMA,LIMA,LIMA,2026-04-13T01:40:31+00:00,2026-04-13T03:15:18+00:00,2026-04-13T03:15:49+00:00,1.59,221,014da70fdcba54b0d197f84e3262086d2b0dd48329f71e001be8519958c0e24e
036165,LIMA,LIMA,LIMA,2026-04-13T01:33:34+00:00,2026-04-13T04:09:01+00:00,2026-04-13T04:09:27+00:00,2.60,197,395196f4d5ee027e07e9a62400b09deea0078bd89f4e7ea142f24d6ccb524b1f
036166,LIMA,LIMA,LIMA,2026-04-13T03:57:09+00:00,2026-04-13T06:14:41+00:00,2026-04-13T06:15:34+00:00,2.31,193,b19c17a45d05f64ea330bbb58f75ee40948919465a029fe6996b4d421342ced5
036207,LIMA,LIMA,LIMA,2026-04-13T03:13:27+00:00,2026-04-13T13:38:08+00:00,2026-04-13T13:38:31+00:00,10.42,226,3efe98c9e7673f13fd1ecdd751f89be304b48abd6a18b99fd1c9429fe09f195b
036253,LIMA,LIMA,LIMA,2026-04-13T01:47:51+00:00,2026-04-13T11:13:31+00:00,2026-04-13T11:13:43+00:00,9.43,207,89fd4dfe2ffc32edfe02f7ef0aa228c1bdf59687f9dafd815e9e50d0ffc8277e
036254,LIMA,LIMA,LIMA,2026-04-13T01:17:07+00:00,2026-04-13T10:15:42+00:00,2026-04-13T10:15:56+00:00,8.98,211,189b5874360646827bd741b4b6d4d5fac0507c27628bd8e147cf3e853ed8f222
036292,LIMA,LIMA,LIMA,2026-04-13T01:49:03+00:00,2026-04-13T05:22:51+00:00,2026-04-13T05:23:05+00:00,3.57,195,25fa7585d4524843548ec2b50bdfc8292f472bc0a375a18fd047fcb9cb016bda
036295,LIMA,LIMA,LIMA,2026-04-13T02:34:31+00:00,2026-04-13T13:19:53+00:00,2026-04-13T13:20:25+00:00,10.77,198,72e23de743683e8c8019b447bb280d146afd077885cbc70524147b2c9c085cb2
036481,LIMA,LIMA,LIMA,2026-04-13T02:42:05+00:00,2026-04-13T13:30:10+00:00,2026-04-13T13:30:28+00:00,10.81,176,565fdbf207a47779d7d5ef512a0974af42ca8da51451949aa78b471914f108b9
036508,LIMA,LIMA,LIMA,2026-04-13T02:48:03+00:00,2026-04-13T13:04:30+00:00,2026-04-13T13:04:51+00:00,10.28,236,e669a9b78fc12adac2ef9614f8095f3c29945739ec8be24549af70d86210376b
036509,LIMA,LIMA,LIMA,2026-04-13T02:56:24+00:00,2026-04-13T13:22:17+00:00,2026-04-13T13:45:51+00:00,10.82,243,884679e0ecdd8a21b4f40a5d6271251785e1917eaa2c785cdc1e0e48ad93370a
036625,LIMA,LIMA,LIMA,2026-04-13T03:16:56+00:00,2026-04-13T13:30:28+00:00,2026-04-13T13:34:13+00:00,10.29,187,0a2796d3df32c3a28e06cb8a6822fa12ae6731f1739631b107502fefd75045bd
036811,LIMA,LIMA,LIMA,2026-04-13T01:43:25+00:00,2026-04-13T12:26:41+00:00,2026-04-13T12:27:08+00:00,10.73,200,0d4bbec5ee6dcdebcdd9cb721257381586baf81265dd521f9717e7227cb1a7a6
036842,LIMA,LIMA,LIMA,2026-04-13T02:35:00+00:00,2026-04-13T12:54:47+00:00,2026-04-13T12:55:15+00:00,10.34,230,fc526db61384b4c5f18ccbd9e6f7eca688967fe49bc03aa298ae22ea6a34b192
036851,LIMA,LIMA,LIMA,2026-04-13T02:47:47+00:00,2026-04-13T12:49:48+00:00,2026-04-13T12:56:41+00:00,10.15,216,41bc7f828e83a9827ffbcedc227586f1dd4a7bdc304cb17d5950a4e3d4352360
036881,LIMA,LIMA,LIMA,2026-04-13T03:23:04+00:00,2026-04-13T14:52:51+00:00,2026-04-13T14:53:09+00:00,11.50,223,3e235790e34f2d83662c8bbe238ed50065046d674f0643e453ae82886c6cbb95
036889,LIMA,LIMA,LIMA,2026-04-13T04:59:48+00:00,2026-04-13T12:35:29+00:00,2026-04-13T12:35:48+00:00,7.60,203,3edc03920e7181b3a6a75d3835a3bacc79661f49b510de1879149a345789288f
036956,LIMA,LIMA,LIMA,2026-04-13T01:02:35+00:00,2026-04-13T01:46:45+00:00,2026-04-13T01:47:03+00:00,0.74,198,8ee2669993eec756e441ca022ca5f3c557748a0f52ca28b18e7a3cf5cbe9ac0c
036985,LIMA,LIMA,LIMA,2026-04-13T03:21:45+00:00,2026-04-13T14:30:32+00:00,2026-04-13T14:30:54+00:00,11.15,199,b60fcdb4c05b8247e283cddd93a5949c12f5e1ab4209658390b011edc907ffe0
036987,LIMA,LIMA,LIMA,2026-04-13T03:13:56+00:00,2026-04-13T13:07:11+00:00,2026-04-13T13:07:47+00:00,9.90,198,4a18728a3368198d15f166fe905c0cbc332844f37b2d181b716f86fbc74c0e21
036988,LIMA,LIMA,LIMA,2026-04-13T03:12:54+00:00,2026-04-13T07:06:30+00:00,2026-04-13T07:07:52+00:00,3.92,188,5113a136e4bea13269608d05bf77b6347faaedd8bb5bb65418795c32771f0e7c
037059,LIMA,LIMA,ANCÓN,2026-04-13T04:45:49+00:00,2026-04-13T06:08:06+00:00,2026-04-13T06:08:21+00:00,1.38,203,2926552e1e8d3fb0dc1c2ca9a351337b0e090ceb18572ec2a2e792b7b50a3515
037103,LIMA,LIMA,ANCÓN,2026-04-13T01:34:30+00:00,2026-04-13T03:17:05+00:00,2026-04-13T03:17:18+00:00,1.71,131,8080ef7e7deeb0d3fbec70c44a8f8a4f1a696b626e5728388e6481f9abbc003f
038834,LIMA,LIMA,BREÑA,2026-04-13T01:01:44+00:00,2026-04-13T02:43:29+00:00,2026-04-13T02:43:58+00:00,1.70,159,6b0607f1439be1b018314847544c075a99a2a012db1f1d174b59c982025eb0f2
038911,LIMA,LIMA,BREÑA,2026-04-13T01:52:36+00:00,2026-04-13T13:17:32+00:00,2026-04-13T13:18:09+00:00,11.43,225,220615b32fd5679b3b12622393bf063dc43df06500b29d9c5943e34d3c0ad2f2
039032,LIMA,LIMA,BREÑA,2026-04-13T01:28:49+00:00,2026-04-13T13:09:21+00:00,2026-04-13T13:09:44+00:00,11.68,231,9d6415a55399a402b8f8a3a8921c622b5264ebcfea818983d0e0df1763261dae
039130,LIMA,LIMA,BREÑA,2026-04-13T02:56:12+00:00,2026-04-13T14:25:25+00:00,2026-04-13T14:25:43+00:00,11.49,211,8680d0a61d08c9c585dd274ef0e6cb63983420b890d6cbfb78c8bc19d27598ed
039155,LIMA,LIMA,BREÑA,2026-04-13T01:33:19+00:00,2026-04-13T02:36:03+00:00,2026-04-13T02:36:17+00:00,1.05,212,c9bd23ed6b84a2979d0462309ecbacc0737fa745f9c57f3b3488c06af70e0d44
039254,LIMA,LIMA,CARABAYLLO,2026-04-13T02:28:19+00:00,2026-04-13T14:15:39+00:00,2026-04-13T14:16:28+00:00,11.80,240,34fe08d97de9570392022b677c912fe8a77f239e981ff958aaa59cfae1a39f7c
039560,LIMA,LIMA,CARABAYLLO,2026-04-13T01:43:22+00:00,2026-04-13T05:47:18+00:00,2026-04-13T05:47:48+00:00,4.07,221,1b0e2fbb9042fd5e1789ea29b07f846fd1f5f33ac9d66b76d19db1ff56878245
039747,LIMA,LIMA,CARABAYLLO,2026-04-13T01:39:56+00:00,2026-04-13T03:42:02+00:00,2026-04-13T03:43:55+00:00,2.07,224,6c8420319bf8fb617e89b971f73aae90c964a3914b5d05bef64fa58cfb644a2d
039957,LIMA,LIMA,CARABAYLLO,2026-04-13T02:36:38+00:00,2026-04-13T17:06:14+00:00,2026-04-13T17:06:50+00:00,14.50,195,0c937ce286db81e8e94f0d714868fd627bbd246501c9ca86ab407849d8f2ac38
039958,LIMA,LIMA,CARABAYLLO,2026-04-13T03:18:55+00:00,2026-04-13T14:46:09+00:00,2026-04-13T14:47:05+00:00,11.47,191,4652ceb507b5833395891a038889d57042d10cc63c32247d8a410eb764a92031
040113,LIMA,LIMA,COMAS,2026-04-13T04:33:58+00:00,2026-04-13T13:12:20+00:00,2026-04-13T13:13:06+00:00,8.65,216,3f3bc1dac28c13a54bbe06c0a604acf2a1634129a5d5de73149ab3f2d2c68459
040175,LIMA,LIMA,COMAS,2026-04-13T01:03:03+00:00,2026-04-13T01:52:03+00:00,2026-04-13T01:52:17+00:00,0.82,231,9cd02ae86c7fbf43de79bf134cbabf800f470f8f734ee6a601995587a9b7727c
040180,LIMA,LIMA,COMAS,2026-04-13T02:00:37+00:00,2026-04-13T03:56:29+00:00,2026-04-13T03:56:57+00:00,1.94,203,2923b4b80bb610a57d4e56f47c06c290aa19cbecf8655c3dd08b9603b615ad06
040268,LIMA,LIMA,COMAS,2026-04-13T00:55:30+00:00,2026-04-13T02:18:49+00:00,2026-04-13T02:19:06+00:00,1.39,226,0b09b0cef8a7a263f201afb863d45497f6957009644f65fd82e9bc6567ec35dc
040405,LIMA,LIMA,COMAS,2026-04-13T01:07:30+00:00,2026-04-13T02:50:02+00:00,2026-04-13T02:50:19+00:00,1.71,225,faedddba7d1334fa8eca50f95f4bf29e152272d3339b27104b2474081c8a0788
040417,LIMA,LIMA,COMAS,2026-04-13T02:55:35+00:00,2026-04-13T11:17:08+00:00,2026-04-13T11:17:21+00:00,8.36,226,20bf1b04699676fb8d65f014f4afaffd941f345f054a34d609a3e69e85cb52d7
040422,LIMA,LIMA,COMAS,2026-04-13T02:26:16+00:00,2026-04-13T11:39:27+00:00,2026-04-13T11:39:53+00:00,9.23,220,10414240ca171e4bf992a8cc2fb35ada1b66ed8dc19a83615688369a1a258fd2
040501,LIMA,LIMA,COMAS,2026-04-13T02:55:48+00:00,2026-04-13T14:11:45+00:00,2026-04-13T14:12:51+00:00,11.28,253,176540844cf6b1014193afca297db0e03d91ab9be2f6f6c4495862de4bfc8657
040579,LIMA,LIMA,COMAS,2026-04-13T01:04:08+00:00,2026-04-13T04:29:27+00:00,2026-04-13T04:29:46+00:00,3.43,213,d91809daf5f597dcdf7021624db9465ec441e496eeaaf776a7f62574ed539beb
040583,LIMA,LIMA,COMAS,2026-04-13T04:50:55+00:00,2026-04-13T13:03:28+00:00,2026-04-13T13:05:54+00:00,8.25,217,888e5d8293b71d8e189e8380e7943a5f1e08dd3f557388ca295c78d8999c085e
040976,LIMA,LIMA,COMAS,2026-04-13T03:23:10+00:00,2026-04-13T03:48:49+00:00,2026-04-13T03:49:19+00:00,0.44,209,40a699d52d059d1349cbb3cb2545521b6a7eb2dd57f6e90077f8916c59d435ab
041026,LIMA,LIMA,COMAS,2026-04-13T03:00:25+00:00,2026-04-13T13:29:29+00:00,2026-04-13T13:51:29+00:00,10.85,189,7868e1d7880ffab001953a4975fb41eca7c86807f53b83f571e62fafaf9d2b68
041030,LIMA,LIMA,COMAS,2026-04-13T01:48:50+00:00,2026-04-13T12:12:51+00:00,2026-04-13T12:24:29+00:00,10.59,172,c4d80abfa944abbd2146ceb54947aca816d4244d31021d25036cb53eee7fb4e3
041087,LIMA,LIMA,COMAS,2026-04-13T02:30:34+00:00,2026-04-13T08:27:47+00:00,2026-04-13T08:28:07+00:00,5.96,246,41ade26118e9c9d8820bb6ec41cb2da4d325d4301057efeaf8337acc74c63b14
041166,LIMA,LIMA,COMAS,2026-04-13T01:03:33+00:00,2026-04-13T02:28:57+00:00,2026-04-13T02:29:13+00:00,1.43,200,99291bc59b599518b2eda67ec1f0088f60b9ed8362777a01a340f22d42197ba1
041323,LIMA,LIMA,COMAS,2026-04-13T03:08:44+00:00,2026-04-13T14:44:39+00:00,2026-04-13T14:47:11+00:00,11.64,197,08d838577f3ccbde436815debd439c804c958290175b4dcd8d345b6fc1dd6509
041354,LIMA,LIMA,COMAS,2026-04-13T00:54:02+00:00,2026-04-13T01:36:06+00:00,2026-04-13T01:36:31+00:00,0.71,202,e3b03dfbd01eed0def7fe8252b6788392a5dd0013fb8f1cbbc7e6682b5eaef9d
041378,LIMA,LIMA,COMAS,2026-04-13T03:15:18+00:00,2026-04-13T13:58:46+00:00,2026-04-13T13:59:11+00:00,10.73,193,281cd151be87593f1f88ae4c2168dbb7d8bc51fdcc590cf12acfd8d9cedfe83f
041482,LIMA,LIMA,COMAS,2026-04-13T01:04:02+00:00,2026-04-13T02:32:35+00:00,2026-04-13T02:33:07+00:00,1.48,184,0833ea74214f89d420d4c0b7848d289d53196d6c71aa2f2547cbeb315713cc5c
041682,LIMA,LIMA,CHORRILLOS,2026-04-13T04:10:53+00:00,2026-04-13T14:52:19+00:00,2026-04-13T14:53:06+00:00,10.70,226,96e4453772ea85ec522b775bb2057143d0e8790d1eca7cbef4d360e60ded0c4b
041696,LIMA,LIMA,CHORRILLOS,2026-04-13T07:08:50+00:00,2026-04-13T07:50:04+00:00,2026-04-13T07:50:20+00:00,0.69,236,94bc6f32ee1711c2d93a74730c1269aacbeb0bed2b556c11d7e5dabe42cc82b8
041793,LIMA,LIMA,CHORRILLOS,2026-04-13T03:01:34+00:00,2026-04-13T14:27:22+00:00,2026-04-13T14:27:54+00:00,11.44,213,83a2fc475b345d601818a91235ec7207e5c2df1be2f6dd833ada3f759f110976
041886,LIMA,LIMA,CHORRILLOS,2026-04-13T02:23:02+00:00,2026-04-13T13:51:59+00:00,2026-04-13T13:53:01+00:00,11.50,195,a719fdddad60989e2c8932232ce8633e38dff246152f84148d4cd3eb96edffd1
042081,LIMA,LIMA,CHORRILLOS,2026-04-13T01:29:04+00:00,2026-04-13T02:47:58+00:00,2026-04-13T02:48:44+00:00,1.33,212,efda7504e052d465499dc4aa4aad4184ced8574756de0bc07cf62d8f77c27e9b
042117,LIMA,LIMA,CHORRILLOS,2026-04-13T01:43:54+00:00,2026-04-13T02:33:16+00:00,2026-04-13T02:33:48+00:00,0.83,239,e9e3756077a8e7b4905c218d262754e4bcb17dc15235b93ab364a8f73d503d6d
042306,LIMA,LIMA,CHORRILLOS,2026-04-13T01:09:33+00:00,2026-04-13T03:05:46+00:00,2026-04-13T03:06:03+00:00,1.94,223,6253ca0e95a5d8083818ff906b16d069715c82830dabdeacef1f6e5528aa4910
042344,LIMA,LIMA,CHORRILLOS,2026-04-13T01:09:16+00:00,2026-04-13T02:14:37+00:00,2026-04-13T02:14:58+00:00,1.09,221,9316c3adea3605d30c2b300f08d01df5f57e47a4879d8ca66c1d84ebc54f7773
042422,LIMA,LIMA,CHORRILLOS,2026-04-13T02:17:28+00:00,2026-04-13T13:16:01+00:00,2026-04-13T13:16:29+00:00,10.98,218,19dc11b000cbb28ee0ce8ec00e71ef59e61f14ee17a34e74d54f2e3ae26f31a0
042441,LIMA,LIMA,CHORRILLOS,2026-04-13T00:46:39+00:00,2026-04-13T01:03:07+00:00,2026-04-13T01:03:25+00:00,0.28,200,2855be8262fed94ba1693b861c420b5c715acdfcac46e097de1f0d4e48e6635f
042475,LIMA,LIMA,CHORRILLOS,2026-04-13T01:46:33+00:00,2026-04-13T12:52:28+00:00,2026-04-13T12:53:03+00:00,11.11,223,7a377f481f82d5db18d4153c28c4e96accb64badf13ba244c31d39e2cf30b387
042476,LIMA,LIMA,CHORRILLOS,2026-04-13T01:47:29+00:00,2026-04-13T12:34:09+00:00,2026-04-13T12:35:12+00:00,10.80,215,394f948a89213c686322f13a6e8a7f80978bcfe9f664dc03c5ec52338e4d14de
042498,LIMA,LIMA,CHORRILLOS,2026-04-13T01:33:00+00:00,2026-04-13T03:08:59+00:00,2026-04-13T03:17:03+00:00,1.73,221,35fb0f1da97e01e4d9a34b45f3706b2f00737aa79bf5e9a2c43ef914c8d2904d
042582,LIMA,LIMA,LA VICTORIA,2026-04-13T01:03:24+00:00,2026-04-13T01:41:11+00:00,2026-04-13T01:41:39+00:00,0.64,204,e73aa7a3d8bc0830f6c03d8ea6357c0ba2c2b58393921fa63ac9e02e663c1f89
042633,LIMA,LIMA,LA VICTORIA,2026-04-13T01:32:14+00:00,2026-04-13T02:50:53+00:00,2026-04-13T02:54:25+00:00,1.37,214,7ed70a525e3e0fa928cf7ac28ba76932b0d7b72da3257fc2ae6837dbcdb0354a
042794,LIMA,LIMA,LA VICTORIA,2026-04-13T02:32:42+00:00,2026-04-13T14:04:55+00:00,2026-04-13T14:05:48+00:00,11.55,210,fc6921f9ce1294567ec0c3b3733e674dc5d3360ca0567d9b8c3d31d549adbacb
042838,LIMA,LIMA,LA VICTORIA,2026-04-13T03:25:13+00:00,2026-04-13T13:50:19+00:00,2026-04-13T13:50:33+00:00,10.42,231,440b0b2db608366cd02ac9c76406facf1fffd6fecd6d68a220a31f981d8289fe
042899,LIMA,LIMA,LA VICTORIA,2026-04-13T04:21:32+00:00,2026-04-13T14:02:44+00:00,2026-04-13T14:03:48+00:00,9.70,199,05b6559b515976ca478640983c17cb2cd9f2fc7b634775521b5c1260f4590f48
042955,LIMA,LIMA,LA VICTORIA,2026-04-13T01:37:09+00:00,2026-04-13T02:37:58+00:00,2026-04-13T02:38:25+00:00,1.02,197,63141d50751e396939287d08eaf7ec7d7e23e1405da023d44006ffb3fc289aa6
042990,LIMA,LIMA,LA VICTORIA,2026-04-13T01:40:05+00:00,2026-04-13T03:15:23+00:00,2026-04-13T03:16:45+00:00,1.61,204,8e37f577ca3dab524c055b54d3aaf2d84fd85c7dc32fff4d091c998848536bed
043042,LIMA,LIMA,LA VICTORIA,2026-04-13T02:11:02+00:00,2026-04-13T05:14:59+00:00,2026-04-13T05:17:28+00:00,3.11,202,d67baeb7ce4c9322ce565bd4830e6982df51bb30fb350872acb66545c2e1f79f
043349,LIMA,LIMA,LA MOLINA,2026-04-13T02:08:48+00:00,2026-04-13T03:46:52+00:00,2026-04-13T03:47:12+00:00,1.64,245,375b2db7266e7862766a22cbfb6525bfa9dd5ddf3fe0ab8249d625e6b053220c
043415,LIMA,LIMA,LA MOLINA,2026-04-13T01:40:37+00:00,2026-04-13T03:08:41+00:00,2026-04-13T03:09:00+00:00,1.47,206,cef0423c538617981f34fe624403566bdbf7a2fb4d7c73f6a56ea58c2019643f
043438,LIMA,LIMA,LA MOLINA,2026-04-13T01:33:23+00:00,2026-04-13T03:02:10+00:00,2026-04-13T03:02:32+00:00,1.49,273,a13ef4d0c5f006b347b6c80f8aea3eb4a32d2f7d94268ad16ba7ab41cb4d2578
043547,LIMA,LIMA,LA MOLINA,2026-04-13T02:36:56+00:00,2026-04-13T14:16:25+00:00,2026-04-13T14:16:56+00:00,11.67,190,447af203817b2ee7b4bf6d686259d4c014edb9d8de83701ce0a4a4e0a39100f4
043989,LIMA,LIMA,LINCE,2026-04-13T02:02:00+00:00,2026-04-13T13:41:34+00:00,2026-04-13T13:42:49+00:00,11.68,195,a596f7c14a337cddd31f2e3db1d215387a891042ad9e44fa8d8830d5a2ecaed6
044009,LIMA,LIMA,LINCE,2026-04-13T01:38:43+00:00,2026-04-13T02:57:09+00:00,2026-04-13T02:57:38+00:00,1.32,238,884b8b334b60f80d8eaf005200801b4dfd92ac3819faa50301a6caaa0fb572a0
044306,LIMA,LIMA,LURIGANCHO,2026-04-13T01:45:00+00:00,2026-04-13T13:18:30+00:00,2026-04-13T13:19:14+00:00,11.57,189,3a016e940c216aca631e5dc14d8fd385d8b6d398e35233c7b197db7d52e329a7
044424,LIMA,LIMA,LURIGANCHO,2026-04-13T00:57:35+00:00,2026-04-13T02:50:00+00:00,2026-04-13T02:50:10+00:00,1.88,192,cc432220f1b5fd1f7cc58ceb19b4082df7dbfabba17c786e1056411fe3762507
044433,LIMA,LIMA,LURIGANCHO,2026-04-13T00:59:20+00:00,2026-04-13T01:55:55+00:00,2026-04-13T01:56:32+00:00,0.95,192,7429f76d5c46af0159cada5caf8381cb990aa6bfd5cb7dde45421b7b23158602
045012,LIMA,LIMA,MIRAFLORES,2026-04-13T02:01:10+00:00,2026-04-13T04:05:07+00:00,2026-04-13T04:05:28+00:00,2.07,167,0c20fa18be26b54d4c708dea4e9476bdddc6fe8a2fa1b3a846c3276d24b2a7c4
045013,LIMA,LIMA,MIRAFLORES,2026-04-13T02:07:47+00:00,2026-04-13T04:11:46+00:00,2026-04-13T04:12:42+00:00,2.08,214,a78ef57f0980a42beed7f5e7081d2911f3b6b7fe487bfa20262c78b2ec36736c
045036,LIMA,LIMA,MIRAFLORES,2026-04-13T01:57:59+00:00,2026-04-13T04:42:19+00:00,2026-04-13T04:42:40+00:00,2.74,218,eba371b3dfbe636fe1548c75bcaf25e05b3ab75ffa5d2ac37ec1084b5e796b01
045066,LIMA,LIMA,MIRAFLORES,2026-04-13T02:05:06+00:00,2026-04-13T04:05:49+00:00,2026-04-13T04:06:25+00:00,2.02,209,03560538d34cab0e907aedd413f0ee6630c4913ca57a15f7d5ac0019813ce4e2
045122,LIMA,LIMA,MIRAFLORES,2026-04-13T04:46:27+00:00,2026-04-13T15:55:35+00:00,2026-04-13T15:55:51+00:00,11.16,186,34ea6119743382bead46c5e5780065e4900d3b206c9b34f1b49bb08feb8b72fa
045158,LIMA,LIMA,MIRAFLORES,2026-04-13T01:41:39+00:00,2026-04-13T12:43:14+00:00,2026-04-13T12:43:31+00:00,11.03,196,271d5f5743bb130180c775a37402a884dd162fcadba281789b4fa387cb171414
045165,LIMA,LIMA,MIRAFLORES,2026-04-13T01:55:02+00:00,2026-04-13T06:41:00+00:00,2026-04-13T06:41:23+00:00,4.77,197,62dc378f1f51a50c813b4d9fec9bca53931ec3b3fbdd06c0bd202e2e2cf8d071
045169,LIMA,LIMA,MIRAFLORES,2026-04-13T01:41:48+00:00,2026-04-13T05:13:52+00:00,2026-04-13T05:15:04+00:00,3.55,208,63edd930130109cb22789af21987a78c7163ab2ad7a654c50bc184cc9e3484d5
045177,LIMA,LIMA,MIRAFLORES,2026-04-13T02:08:21+00:00,2026-04-13T11:22:57+00:00,2026-04-13T11:23:48+00:00,9.26,207,105d41582a8279c09d75cd29a864e8b802e514bc0a66536539b952945de98434
045236,LIMA,LIMA,MIRAFLORES,2026-04-13T01:45:48+00:00,2026-04-13T12:38:42+00:00,2026-04-13T12:39:18+00:00,10.89,163,c548b0a8552fb35d95f443ab7cc6cddfac0a7414e404785b896ad6963fc7f565
045239,LIMA,LIMA,MIRAFLORES,2026-04-13T00:56:55+00:00,2026-04-13T04:49:27+00:00,2026-04-13T04:49:44+00:00,3.88,210,2ada175bfa81fc10114d560da6ab5aafd880b29e0e2ae0912f8503563a129769
045301,LIMA,LIMA,MIRAFLORES,2026-04-13T02:14:16+00:00,2026-04-13T07:10:09+00:00,2026-04-13T07:10:26+00:00,4.94,185,6bcdef92f499167d6bda9a57457056bf6b2b0a14f6091ffa93d1d4744ceb16b8
045350,LIMA,LIMA,MIRAFLORES,2026-04-13T00:55:00+00:00,2026-04-13T03:11:24+00:00,2026-04-13T03:12:06+00:00,2.29,271,db08ee470d9a54579d8d85222fe7344c571c98835b1c0a753d3f84607b4e2cc9
045351,LIMA,LIMA,MIRAFLORES,2026-04-13T00:51:36+00:00,2026-04-13T02:08:18+00:00,2026-04-13T02:08:40+00:00,1.28,272,c7add2acd86941fed0532a6ff10c0bfb2fde925f5afb2397767a0d5ed3995172
045415,LIMA,LIMA,MIRAFLORES,2026-04-13T00:16:16+00:00,2026-04-13T03:04:08+00:00,2026-04-13T03:04:19+00:00,2.80,189,285f014ccedd7d138e56d1cf6ca845cd145e0d96115de77921f81cde11b628b4
045430,LIMA,LIMA,MIRAFLORES,2026-04-13T01:34:07+00:00,2026-04-13T03:59:11+00:00,2026-04-13T03:59:28+00:00,2.42,191,5b11d6734ccfb6a2616473aadcb87bff5b142ebf2f7fff5feae735f496595471
045517,LIMA,LIMA,PACHACÁMAC,2026-04-13T02:08:35+00:00,2026-04-13T06:11:41+00:00,2026-04-13T06:12:33+00:00,4.07,215,046b50a2151a7a3227c293c77c2302f168cbf801eaa7e27890478f7f37130e06
045548,LIMA,LIMA,PACHACÁMAC,2026-04-13T02:39:15+00:00,2026-04-13T13:25:57+00:00,2026-04-13T13:44:05+00:00,11.08,212,b12ec4131e76db626ea8b546f3f45be288bcdc6a842415089d1c9bb86321d67d
045554,LIMA,LIMA,PACHACÁMAC,2026-04-13T04:12:18+00:00,2026-04-13T15:26:50+00:00,2026-04-13T15:31:52+00:00,11.33,221,82efea673d5d71795f4da865d604963cc4aa5d4bd3e718fefb37958257929c8e
045682,LIMA,LIMA,PACHACÁMAC,2026-04-13T01:28:46+00:00,2026-04-13T03:51:02+00:00,2026-04-13T03:51:32+00:00,2.38,204,af950e7e7bdf6fccd6537cf92f6c5d5fc342bc4da5da0c08cfe1e033c5ebf1b7
045697,LIMA,LIMA,PACHACÁMAC,2026-04-13T02:04:19+00:00,2026-04-13T05:20:48+00:00,2026-04-13T05:21:18+00:00,3.28,201,75a2d25f239e0ba75cbcea5e5164efc69d9edb9e21952deba02ebb5660f95ddb
045704,LIMA,LIMA,PACHACÁMAC,2026-04-13T02:22:04+00:00,2026-04-13T13:55:02+00:00,2026-04-13T13:55:28+00:00,11.56,172,a4dd4c5166230735ce2a59415cb2b1eee93984fed7a22befcc942f191d6fea93
045749,LIMA,LIMA,PACHACÁMAC,2026-04-13T02:44:03+00:00,2026-04-13T14:01:14+00:00,2026-04-13T14:01:31+00:00,11.29,147,299d12997046b0d512bafa01108c316861e591bc1df0a362bbf5abf8993a11ba
045770,LIMA,LIMA,PACHACÁMAC,2026-04-13T02:11:49+00:00,2026-04-13T05:32:31+00:00,2026-04-13T05:32:48+00:00,3.35,203,05aa350fad528ada5db9f3d76d099b0582886725573647bdfda87d4b85898fe9
045842,LIMA,LIMA,PUEBLO LIBRE,2026-04-13T01:42:59+00:00,2026-04-13T13:17:17+00:00,2026-04-13T13:17:34+00:00,11.58,199,3f98f3c3b659f53e6f096fe7cc31602c1369e99ab25f7e7c7bea147d7592da19
045944,LIMA,LIMA,PUEBLO LIBRE,2026-04-13T02:02:51+00:00,2026-04-13T03:26:51+00:00,2026-04-13T03:27:26+00:00,1.41,218,0a9482eb73a42edadabd4fa208fc18ca878e25b410c36671d8f91bcf64e65d0c
045999,LIMA,LIMA,PUEBLO LIBRE,2026-04-13T00:57:08+00:00,2026-04-13T02:32:27+00:00,2026-04-13T02:32:40+00:00,1.59,245,9c362653c0dc33a9980924629733f77f2a72c12552d6c26fdfa5204d8aeb89c7
046004,LIMA,LIMA,PUEBLO LIBRE,2026-04-13T02:47:15+00:00,2026-04-13T12:36:16+00:00,2026-04-13T12:49:29+00:00,10.04,164,28a8d5cf0f345a49b8d5a5e397035e60540bf96c868b9efc828f8963ae67e3ea
046005,LIMA,LIMA,PUEBLO LIBRE,2026-04-13T00:46:59+00:00,2026-04-13T01:00:38+00:00,2026-04-13T01:01:21+00:00,0.24,220,a8fe3091f90633aa4884da7757b8f3f20bfc0e46883fef7b0eef8fc62f894cfa
046006,LIMA,LIMA,PUEBLO LIBRE,2026-04-13T02:13:07+00:00,2026-04-13T12:28:30+00:00,2026-04-13T12:28:45+00:00,10.26,215,ef941f0710177f945bec8b31f1dbf18eeec14aae68f3908f1ff5ef87eb5363d7
046105,LIMA,LIMA,PUEBLO LIBRE,2026-04-13T01:43:48+00:00,2026-04-13T13:01:54+00:00,2026-04-13T13:15:49+00:00,11.53,225,45477baf9cf3a7b207f44cf8732860b9e54e67dae6a448aab3156a89186e3421
046202,LIMA,LIMA,PUENTE PIEDRA,2026-04-13T02:23:02+00:00,2026-04-13T13:58:06+00:00,2026-04-13T13:58:30+00:00,11.59,205,1b6decb80334c151f6d5b1aa5177c102d0ab5a30b55cdd29a75f143ea1ba2957
046306,LIMA,LIMA,PUENTE PIEDRA,2026-04-13T03:42:38+00:00,2026-04-13T13:47:05+00:00,2026-04-13T13:48:45+00:00,10.10,193,c9eef93ac98a41b6486fa58e36f8cdb1d7677bd60b4afe796c484bc2c43f8111
046369,LIMA,LIMA,PUENTE PIEDRA,2026-04-13T03:04:07+00:00,2026-04-13T13:40:30+00:00,2026-04-13T13:45:12+00:00,10.68,227,285934e852e8730bd07a550537d56a9cf99b66f919af621c97a04fc07032915e
046448,LIMA,LIMA,PUENTE PIEDRA,2026-04-13T02:13:28+00:00,2026-04-13T13:01:02+00:00,2026-04-13T13:16:35+00:00,11.05,199,d5f4b1cb635cbd5921e8a78d86f9dc156388cc5569a45c4263703927e3a67433
046489,LIMA,LIMA,PUENTE PIEDRA,2026-04-13T03:04:59+00:00,2026-04-13T14:46:59+00:00,2026-04-13T14:47:27+00:00,11.71,205,d0fc8cff7fea1bdffd9cb9877a3b7b7cb0ce9733e291626a5e48b3cece259bf6
046578,LIMA,LIMA,PUENTE PIEDRA,2026-04-13T02:25:58+00:00,2026-04-13T07:14:53+00:00,2026-04-13T07:15:16+00:00,4.82,234,3109e0fbf25c5a958b12c0fdab09b457e11cd7a7e0f77b66296e1168e0ba49db
046604,LIMA,LIMA,PUENTE PIEDRA,2026-04-13T01:31:42+00:00,2026-04-13T03:12:11+00:00,2026-04-13T03:12:42+00:00,1.68,205,bc4a0dfc27cc2b19817ec0ef63acb2ea129eac5dbf6b2c16a9546b4318d0d624
046830,LIMA,LIMA,PUENTE PIEDRA,2026-04-13T02:44:11+00:00,2026-04-13T05:25:14+00:00,2026-04-13T05:26:05+00:00,2.70,242,d5ebaec1ac41bb521ce9ad5c741585c03e9445fbc9c420987576ba52b97ee17a
047209,LIMA,LIMA,RÍMAC,2026-04-13T02:11:45+00:00,2026-04-13T04:14:23+00:00,2026-04-13T04:15:23+00:00,2.06,210,508e54ed6cf0d714f400e9adacf171f32dc8bd487bd1707683e4264309b736f4
047227,LIMA,LIMA,RÍMAC,2026-04-13T02:56:32+00:00,2026-04-13T14:34:39+00:00,2026-04-13T14:34:55+00:00,11.64,215,611fb8862a384531fab1fc222b71a7ffb50cdbc6c82e69127824f80acef89435
047389,LIMA,LIMA,RÍMAC,2026-04-13T01:32:20+00:00,2026-04-13T02:10:30+00:00,2026-04-13T02:11:20+00:00,0.65,180,68b8403bdb87dcfad2010c029013de4f816c99c109097377250f76e857c0ddfe
047753,LIMA,LIMA,SAN ISIDRO,2026-04-13T07:12:40+00:00,2026-04-13T12:58:05+00:00,2026-04-13T12:58:24+00:00,5.76,204,7f1212306de69b56542e413dc2646c8b1a53e40c5c6a900e13dcc5a84609a3e6
047863,LIMA,LIMA,SAN ISIDRO,2026-04-13T01:36:47+00:00,2026-04-13T03:13:43+00:00,2026-04-13T03:13:59+00:00,1.62,192,aaa05ce44a23a68253bd9ef96d2e09c69c893f92ee078e60dcad9654d73b377c
047875,LIMA,LIMA,SAN ISIDRO,2026-04-13T01:09:26+00:00,2026-04-13T03:04:21+00:00,2026-04-13T03:05:15+00:00,1.93,199,851f27adf5a735b92cb2bbe7e10845192cb3514bbe27fa4194b8953eb36649c4
047921,LIMA,LIMA,SAN ISIDRO,2026-04-13T02:23:23+00:00,2026-04-13T12:58:30+00:00,2026-04-13T13:12:16+00:00,10.81,185,11c82169ab64b75a44ce822c8fadb240b1b06df84004fc0e5fba8dad9aec852b
047922,LIMA,LIMA,SAN ISIDRO,2026-04-13T02:24:15+00:00,2026-04-13T12:49:41+00:00,2026-04-13T13:14:55+00:00,10.84,177,e67ea6b417d5479f7630fe4c6a5ddcca4e246750d9cb81c972ddd9f5958ac07d
047952,LIMA,LIMA,SAN ISIDRO,2026-04-13T01:31:57+00:00,2026-04-13T13:01:28+00:00,2026-04-13T13:15:08+00:00,11.72,182,be1b908b1aa48b11afeb08a09ff392b1b492e7a85819b8664398fe28a6bb8c34
047956,LIMA,LIMA,SAN ISIDRO,2026-04-13T02:36:46+00:00,2026-04-13T13:47:42+00:00,2026-04-13T14:06:00+00:00,11.49,202,41cc9a35ff531c39446dc1ea4d1fa73f50bd5138a27e4a03759e73fa2e01e99e
047982,LIMA,LIMA,BARRANCO,2026-04-13T01:33:56+00:00,2026-04-13T13:13:14+00:00,2026-04-13T13:14:11+00:00,11.67,222,9fc0caf64e08b886dfcbe588e44cb320031ab064b49c36cb98c2f4d448dcfc28
048073,LIMA,LIMA,BARRANCO,2026-04-13T01:45:13+00:00,2026-04-13T03:56:29+00:00,2026-04-13T03:57:18+00:00,2.20,152,e55d142641f925778ab02c089e13eb19e333575f97f04214393b3d2ddcdf1465
049982,LIMA,LIMA,SAN MIGUEL,2026-04-13T02:02:03+00:00,2026-04-13T04:45:40+00:00,2026-04-13T04:46:18+00:00,2.74,224,e5e82ff5fb5e89ce2b86584d1b30482e2ec189724c1a7c4aa25a99598b7deacc
049997,LIMA,LIMA,SAN MIGUEL,2026-04-13T00:58:02+00:00,2026-04-13T03:28:42+00:00,2026-04-13T03:28:58+00:00,2.52,202,5fbd7facf7b934f5c3141bb77e25348fe3ed58da8d8ed43b62a87b970e93dccd
050019,LIMA,LIMA,SAN MIGUEL,2026-04-13T01:48:56+00:00,2026-04-13T03:34:06+00:00,2026-04-13T03:34:29+00:00,1.76,231,927167ad1113717b0439e6245f61e42dc457e2bd2378446adac3885853df2798
050091,LIMA,LIMA,SAN MIGUEL,2026-04-13T02:12:38+00:00,2026-04-13T05:05:35+00:00,2026-04-13T05:06:19+00:00,2.89,232,de05d0dcb819982695872fa5034f271f1cbe7f16fd0d0be6f2ddc99f0a38fac1
050110,LIMA,LIMA,SAN MIGUEL,2026-04-13T02:09:10+00:00,2026-04-13T13:39:10+00:00,2026-04-13T13:39:22+00:00,11.50,228,be85640caf701cf2a3e52590b4bdc2abb49cd186a8c328a1f9061de3ff1efbc0
050157,LIMA,LIMA,SAN MIGUEL,2026-04-13T01:42:13+00:00,2026-04-13T03:11:17+00:00,2026-04-13T03:11:35+00:00,1.49,220,16640336f44a65e1d6f61a332db5d02ee47d92408050793d146114ab920b5454
050169,LIMA,LIMA,SAN MIGUEL,2026-04-13T02:15:49+00:00,2026-04-13T13:11:44+00:00,2026-04-13T13:31:58+00:00,11.27,252,9e83e59aba50259819031d5b050bb083a1d4f812a22c2e29374fcd51a5784856
050246,LIMA,LIMA,SAN MIGUEL,2026-04-13T03:39:01+00:00,2026-04-13T14:16:47+00:00,2026-04-13T14:17:33+00:00,10.64,221,db7043a9b1e29a16d6a6c31282618d72b6d5d6a7649e9f7f4af62e715e8a652d
050289,LIMA,LIMA,SAN MIGUEL,2026-04-13T01:31:38+00:00,2026-04-13T11:33:55+00:00,2026-04-13T11:34:20+00:00,10.04,231,f3723ddf8daf17c140fc58a10c3d2c8e2e071813d0ad31f5b1271a9dcc8a2455
050290,LIMA,LIMA,SAN MIGUEL,2026-04-13T01:33:36+00:00,2026-04-13T05:05:18+00:00,2026-04-13T05:06:01+00:00,3.54,212,63708522ba89478fc86a71db65d7acac22ab27aa82e238c4b1bda54df31c4a4a
050313,LIMA,LIMA,SAN MIGUEL,2026-04-13T02:36:16+00:00,2026-04-13T13:19:54+00:00,2026-04-13T13:20:28+00:00,10.74,201,4c735bed3926eef1ee5d04a827478f32e4a01b08d3481a3a7416b6c3ce34b279
050329,LIMA,LIMA,SAN MIGUEL,2026-04-13T01:59:01+00:00,2026-04-13T05:41:18+00:00,2026-04-13T05:41:49+00:00,3.71,194,21ba5c8d50003e86e9ddaa2b8a6782cabb5edad15e396e827cdbe0a379319126
050546,LIMA,LIMA,SANTIAGO DE SURCO,2026-04-13T01:57:59+00:00,2026-04-13T13:06:00+00:00,2026-04-13T13:06:30+00:00,11.14,205,ce5e618628f016ff2af27ec67945aaaf56033e30995404122207809c3c383a68
050562,LIMA,LIMA,SANTIAGO DE SURCO,2026-04-13T01:50:01+00:00,2026-04-13T05:58:51+00:00,2026-04-13T05:59:15+00:00,4.15,214,363b3d027c57a1871bced6469775e524a12e11428b11c0aa1f8c89603b0cb0cc
050601,LIMA,LIMA,SANTIAGO DE SURCO,2026-04-13T01:07:50+00:00,2026-04-13T03:21:03+00:00,2026-04-13T03:21:30+00:00,2.23,223,d3445fed8eb8655195473f6207216c8dd37604e8d2885e3514645c7cd963618c
050660,LIMA,LIMA,SANTIAGO DE SURCO,2026-04-13T00:56:50+00:00,2026-04-13T05:31:26+00:00,2026-04-13T05:31:43+00:00,4.58,236,45e16abb3ad755586f8f2b14fff5792d6b1edc6e6e66e9e37ddbedf2318e4bf0
050662,LIMA,LIMA,SANTIAGO DE SURCO,2026-04-13T01:17:09+00:00,2026-04-13T04:38:30+00:00,2026-04-13T04:39:31+00:00,3.37,226,9f7bab078da1a72c8288f7e3b42435260ea35edd8ce8805e7a8e1ac22c99312d
050735,LIMA,LIMA,SANTIAGO DE SURCO,2026-04-13T01:29:35+00:00,2026-04-13T04:41:44+00:00,2026-04-13T04:42:00+00:00,3.21,227,757cd7cd5bb3e066da0525a559ea1977bf2a5fa16b0b3fb03e5ffe57066d964c
050826,LIMA,LIMA,SANTIAGO DE SURCO,2026-04-13T00:53:58+00:00,2026-04-13T04:19:58+00:00,2026-04-13T04:20:52+00:00,3.45,238,1f25da37b710cc7c733189ba790bd2f6670f9797fd54c9dc168e7105c8e395fe
050833,LIMA,LIMA,SANTIAGO DE SURCO,2026-04-13T01:36:22+00:00,2026-04-13T12:55:15+00:00,2026-04-13T12:56:27+00:00,11.33,229,acd8afeaccaafce8cc476c4a7e56fa6a3a1a87d6c3f2dcd1e5f41c21f5b5d058
050850,LIMA,LIMA,SANTIAGO DE SURCO,2026-04-13T01:14:07+00:00,2026-04-13T03:28:12+00:00,2026-04-13T03:29:32+00:00,2.26,241,31f1138d83656d6319841aa5499531d5b1ad7fa1bf2126e2453b1d5330f4c289
050900,LIMA,LIMA,SANTIAGO DE SURCO,2026-04-13T01:06:06+00:00,2026-04-13T06:18:12+00:00,2026-04-13T06:18:42+00:00,5.21,213,d731c085f7eccc8b5ec8d0fc4e938a6f9e6565ede84e478a22d2593b99b98948
050946,LIMA,LIMA,SANTIAGO DE SURCO,2026-04-13T01:47:57+00:00,2026-04-13T03:50:56+00:00,2026-04-13T03:59:41+00:00,2.20,284,4ec869c299e597c9f393aebe135a0246016c6b2cbf79c4b1134ea8dff8f6b471
050959,LIMA,LIMA,SANTIAGO DE SURCO,2026-04-13T02:10:16+00:00,2026-04-13T12:35:28+00:00,2026-04-13T12:36:14+00:00,10.43,272,e1710f664bcabfdffee7f67df4160dd5bbcbd3832b5c2d906943b5ee1b2d9bef
050966,LIMA,LIMA,SANTIAGO DE SURCO,2026-04-13T03:51:06+00:00,2026-04-13T07:53:10+00:00,2026-04-13T07:53:55+00:00,4.05,139,4faff449be620408101c2f6ee77b35154438a64cb2d69024add0ffdd1802b0f4
050986,LIMA,LIMA,SANTIAGO DE SURCO,2026-04-13T02:57:33+00:00,2026-04-13T05:03:26+00:00,2026-04-13T05:03:59+00:00,2.11,201,84bc7c765db69c7322a795d90b88dac52658290350b50d26d212f46b910a6ec2
051044,LIMA,LIMA,SANTIAGO DE SURCO,2026-04-13T02:31:36+00:00,2026-04-13T13:59:57+00:00,2026-04-13T14:00:19+00:00,11.48,205,96b1fba505726f68955f2a9721c6c14ca0202b5cebc9c4e597c078bf797d8f84
051056,LIMA,LIMA,SANTIAGO DE SURCO,2026-04-13T01:46:10+00:00,2026-04-13T12:38:20+00:00,2026-04-13T12:39:02+00:00,10.88,199,7fafd4d4b7a85ba39e1ec766a6a77dadafe70d5c3a27db8ee155fad3a4722696
051061,LIMA,LIMA,SANTIAGO DE SURCO,2026-04-13T01:10:22+00:00,2026-04-13T04:41:05+00:00,2026-04-13T04:42:08+00:00,3.53,224,71bb4616a4e16e0f879085dae3188f12b7f0115f54defaf006c2799c298a4eb6
051097,LIMA,LIMA,SANTIAGO DE SURCO,2026-04-13T01:27:59+00:00,2026-04-13T05:15:15+00:00,2026-04-13T05:15:32+00:00,3.79,273,b9990182a3e972b5b377c55fe857d7dadee56b4785a2fbe3e240b904f23587ce
051120,LIMA,LIMA,SANTIAGO DE SURCO,2026-04-13T01:52:21+00:00,2026-04-13T03:34:36+00:00,2026-04-13T03:35:21+00:00,1.72,243,0c1ef2f481b107d8c8b8d72da7a8352257b5ba518255a8036139ccb163355257
051122,LIMA,LIMA,SANTIAGO DE SURCO,2026-04-13T02:08:49+00:00,2026-04-13T07:23:10+00:00,2026-04-13T07:23:51+00:00,5.25,147,3992f9aaf9740938967916fe9a66184b59dedb21e0c8cb547bbba48b5ab6dd4a
051147,LIMA,LIMA,SANTIAGO DE SURCO,2026-04-13T01:49:22+00:00,2026-04-13T13:35:52+00:00,2026-04-13T13:36:51+00:00,11.79,277,2db2f3da53546e710218b9aa25e473831f4acee7e2049bed73e1546651bd8bf2
051164,LIMA,LIMA,SANTIAGO DE SURCO,2026-04-13T01:23:19+00:00,2026-04-13T04:31:37+00:00,2026-04-13T04:32:40+00:00,3.16,209,39869506a44f8813bac9ca4cf0c158ab8884294dff51686c1c391749624e4176
051208,LIMA,LIMA,SANTIAGO DE SURCO,2026-04-13T02:55:44+00:00,2026-04-13T05:03:49+00:00,2026-04-13T05:04:02+00:00,2.14,205,c12d3f9a9447a4a22628aaf2c66c1c3072950d9b9091937938c262029a11c889
051223,LIMA,LIMA,SANTIAGO DE SURCO,2026-04-13T02:01:54+00:00,2026-04-13T12:52:32+00:00,2026-04-13T12:52:51+00:00,10.85,201,fab7a46db7d917531e55b7edb63f32252dc65b309cac2caf1d02d0a9c1f18a6b
051254,LIMA,LIMA,SANTIAGO DE SURCO,2026-04-13T01:31:59+00:00,2026-04-13T06:06:41+00:00,2026-04-13T06:08:03+00:00,4.60,158,2b4003e624ae5ddc45baf68fa7b2fac2902e5f2d8d6e20f1ac7eda7cd3d05a17
051290,LIMA,LIMA,SANTIAGO DE SURCO,2026-04-13T05:56:42+00:00,2026-04-13T13:29:24+00:00,2026-04-13T13:29:40+00:00,7.55,196,ee984cab091d727358ef9708e031c08f39be462987f68e7e9e1ddb07c6e21436
051301,LIMA,LIMA,SANTIAGO DE SURCO,2026-04-13T01:26:05+00:00,2026-04-13T12:50:27+00:00,2026-04-13T12:50:45+00:00,11.41,174,6c6c8d3a56024360e94d37623017c641097aa48c5d3cb164d0f524099a6e62f6
051323,LIMA,LIMA,SANTIAGO DE SURCO,2026-04-13T02:54:45+00:00,2026-04-13T17:05:22+00:00,2026-04-13T17:05:46+00:00,14.18,179,c43889512ad0dcfd1f8a75cae300e02065f42f2dfac1071b96a487375294d8da
051375,LIMA,LIMA,SANTIAGO DE SURCO,2026-04-13T08:48:17+00:00,2026-04-13T12:48:44+00:00,2026-04-13T12:49:10+00:00,4.01,197,3633c8076d8d4108aced0579aaef1263a2c1a1cfca737399166057b52328e693
051377,LIMA,LIMA,SANTIAGO DE SURCO,2026-04-13T01:54:13+00:00,2026-04-13T05:56:49+00:00,2026-04-13T05:57:09+00:00,4.05,212,dcb6001c7c70a860ddc70224ad0f0076a81cded33506d0d82b7bf33d37ae4231
051419,LIMA,LIMA,SANTIAGO DE SURCO,2026-04-13T02:59:34+00:00,2026-04-13T14:29:43+00:00,2026-04-13T14:34:14+00:00,11.58,234,e071111e21146de12a9e1cc5c4666b2b2087e94401268ba36db12d3522fb3fb3
051521,LIMA,LIMA,SANTIAGO DE SURCO,2026-04-13T02:59:36+00:00,2026-04-13T07:07:56+00:00,2026-04-13T07:08:21+00:00,4.15,175,1da67a2132cafcc874e4a3772018498e91894c73cb345c65495b1fa372fc742d
051575,LIMA,LIMA,SANTIAGO DE SURCO,2026-04-13T00:58:39+00:00,2026-04-13T04:42:26+00:00,2026-04-13T04:43:04+00:00,3.74,198,25b405689382bbc3f42b50591cf9f1c69e9196fd6f85813821f0575d3f63474e
051689,LIMA,LIMA,SURQUILLO,2026-04-13T01:22:32+00:00,2026-04-13T05:46:24+00:00,2026-04-13T05:46:52+00:00,4.41,246,b8a66ee76a17c9978503506c1999a71651565832a9cd0b7fb56b603de4dffd10
051693,LIMA,LIMA,SURQUILLO,2026-04-13T01:40:54+00:00,2026-04-13T13:25:37+00:00,2026-04-13T13:26:28+00:00,11.76,250,2a58bd0f9aed41d5d382db31b9da999aaedaba0ddb2bed799bf0de5143e31972
051766,LIMA,LIMA,SURQUILLO,2026-04-13T01:51:01+00:00,2026-04-13T05:05:46+00:00,2026-04-13T05:06:00+00:00,3.25,218,1c67f99f1596d1fdaab18c754b9582d9ba54e22a38e0b0f85d4e146594133e59
051783,LIMA,LIMA,SURQUILLO,2026-04-13T01:33:26+00:00,2026-04-13T02:56:54+00:00,2026-04-13T02:57:10+00:00,1.40,214,bfe6e93690c4936aab965ca26577fc8b250f47addb9d73fc89cfc308d9752485
051785,LIMA,LIMA,SURQUILLO,2026-04-13T00:57:20+00:00,2026-04-13T03:00:22+00:00,2026-04-13T03:00:52+00:00,2.06,201,021ddda8e5567ae37166bac4ca5ff1edf96558c1a8f87516d826a978f00a1133
051793,LIMA,LIMA,SURQUILLO,2026-04-13T01:22:45+00:00,2026-04-13T05:16:42+00:00,2026-04-13T05:16:58+00:00,3.90,231,a6baabc94c79d2b69f078c8e05420e436989f378683194ecfa8bf0d7bef1cf49
051802,LIMA,LIMA,SURQUILLO,2026-04-13T01:52:07+00:00,2026-04-13T08:19:50+00:00,2026-04-13T08:20:07+00:00,6.47,215,385547bdd4432239e644ce2dea2441ac3c6f17ad2af1862ff032003cb89c41e7
051873,LIMA,LIMA,SURQUILLO,2026-04-13T02:31:08+00:00,2026-04-13T04:02:52+00:00,2026-04-13T04:03:38+00:00,1.54,218,0102c6213f08d18a577df8e9a89a4e5185003d7c2f722f8f2971ee46bf91305d
051886,LIMA,LIMA,SURQUILLO,2026-04-13T01:29:29+00:00,2026-04-13T03:30:57+00:00,2026-04-13T03:31:26+00:00,2.03,195,997e136554ab8c58beaca5e547e04c157ae49dcb81b1b9f1492de882320690ee
051909,LIMA,LIMA,SURQUILLO,2026-04-13T02:50:00+00:00,2026-04-13T14:06:54+00:00,2026-04-13T14:07:35+00:00,11.29,191,8bbe3c2a2765fe544cf49d2349173550af52d1991d5a8daa029c894dc217ad47
051913,LIMA,LIMA,SURQUILLO,2026-04-13T02:08:37+00:00,2026-04-13T03:42:25+00:00,2026-04-13T03:45:51+00:00,1.62,199,4b7273083418e0daf6e28d0a4dd4216aaaced523c9ec07fff5b37e1c1e929ebf
051920,LIMA,LIMA,SURQUILLO,2026-04-13T04:08:53+00:00,2026-04-13T13:42:52+00:00,2026-04-13T13:43:22+00:00,9.57,203,383bd15ddce3fabce85b3ff45827ea5d4f54210867046f1456718633677902c5
051951,LIMA,LIMA,SURQUILLO,2026-04-13T03:08:09+00:00,2026-04-13T13:11:41+00:00,2026-04-13T13:12:38+00:00,10.07,246,4212501692f7a933c81129cc0d16259f8d5b1db1173762980ac4f1d4ff1f8d86
052077,LIMA,LIMA,VILLA MARÍA DEL TRIUNFO,2026-04-13T02:39:50+00:00,2026-04-13T13:35:01+00:00,2026-04-13T13:35:15+00:00,10.92,198,5469065a8fdfcdd94544ed32597b948e2173fded673c6bb24844e976d8f04f47
052256,LIMA,LIMA,VILLA MARÍA DEL TRIUNFO,2026-04-13T05:55:33+00:00,2026-04-13T17:25:47+00:00,2026-04-13T17:26:11+00:00,11.51,207,cb36e3635926662cd5761b11dea807d42e16466216754704996430b0068deb33
052294,LIMA,LIMA,VILLA MARÍA DEL TRIUNFO,2026-04-13T01:42:38+00:00,2026-04-13T05:45:39+00:00,2026-04-13T05:46:21+00:00,4.06,216,14c4545dd94c3ff49b1edbcb6e3dca50b795598dc2a1174638b0036d9f0a4ca6
052379,LIMA,LIMA,VILLA MARÍA DEL TRIUNFO,2026-04-13T01:48:50+00:00,2026-04-13T02:41:32+00:00,2026-04-13T02:43:23+00:00,0.91,211,87d2dccda26eb38dd9af2f34fc63a3f93715deffd678d5d52c60696b31579d77
052449,LIMA,LIMA,VILLA MARÍA DEL TRIUNFO,2026-04-13T02:42:54+00:00,2026-04-13T13:52:55+00:00,2026-04-13T13:53:16+00:00,11.17,212,9f945817d47018e728c09a3eebb13652191bf6ab8934e587a42173b57fcbaa3b
052516,LIMA,LIMA,VILLA MARÍA DEL TRIUNFO,2026-04-13T01:08:30+00:00,2026-04-13T01:53:09+00:00,2026-04-13T01:53:27+00:00,0.75,209,4d9714a25160a1b8c37bfa5d3869ce3cb5388e7faa7782b6d7d9d2a527dc25d8
052658,LIMA,LIMA,VILLA MARÍA DEL TRIUNFO,2026-04-13T01:36:15+00:00,2026-04-13T03:12:50+00:00,2026-04-13T03:14:58+00:00,1.65,213,4aa2f1614b3521dc8f88a2c9d8be4870b2852123338e869f56b15a9f8bd2ef7b
052667,LIMA,LIMA,VILLA MARÍA DEL TRIUNFO,2026-04-13T01:37:31+00:00,2026-04-13T03:50:37+00:00,2026-04-13T03:51:22+00:00,2.23,213,5b4a0274c3eb6d3cb159a4aa7b36e194351b50890fe344e20c918639bd1ba331
052902,LIMA,LIMA,VILLA MARÍA DEL TRIUNFO,2026-04-13T01:08:12+00:00,2026-04-13T02:34:39+00:00,2026-04-13T02:35:30+00:00,1.46,213,b88a96cdc300a633bf6f9b452ea48804f61af0837d9f07c2422b24d2fbd907d8
053041,LIMA,LIMA,VILLA MARÍA DEL TRIUNFO,2026-04-13T02:55:39+00:00,2026-04-13T14:02:50+00:00,2026-04-13T14:03:13+00:00,11.13,121,278f0f3e281bca7345bacf949ba7aa6c40570cf77d11604f60ea33d6e4405d36
053150,LIMA,LIMA,VILLA MARÍA DEL TRIUNFO,2026-04-13T01:02:37+00:00,2026-04-13T02:25:19+00:00,2026-04-13T02:26:06+00:00,1.39,209,ba92e265d484382b4e0b362b240cd59a499e18b0ee1bf0c610de85b938a7cad2
053157,LIMA,LIMA,VILLA MARÍA DEL TRIUNFO,2026-04-13T01:55:01+00:00,2026-04-13T05:44:42+00:00,2026-04-13T05:44:57+00:00,3.83,196,4ae552500ffe6298d0c8765a0bd3de978346cb440bd2fffc0c4950a74453d706
053237,LIMA,LIMA,VILLA MARÍA DEL TRIUNFO,2026-04-13T01:53:47+00:00,2026-04-13T04:41:08+00:00,2026-04-13T04:41:38+00:00,2.80,184,4fdd0517909f2bf1421fa3e435dc3b7e31a36c91ae1c74dfbedf5f63f81c19e6
053515,LIMA,LIMA,JESÚS MARÍA,2026-04-13T01:04:58+00:00,2026-04-13T03:24:55+00:00,2026-04-13T03:25:42+00:00,2.35,209,969c28eb55cd09adb1846e8751f897dc98453f5fbd95d11314d3dcfdea829b65
053656,LIMA,LIMA,JESÚS MARÍA,2026-04-13T02:07:53+00:00,2026-04-13T13:37:28+00:00,2026-04-13T13:38:09+00:00,11.50,210,f121c57cf3d17c8ca52b78477d62b86c807e71ff91aa03d9db1da8b09de1a775
054039,LIMA,LIMA,INDEPENDENCIA,2026-04-13T02:14:08+00:00,2026-04-13T04:59:21+00:00,2026-04-13T05:03:21+00:00,2.82,223,e19bc073578298a9b6f09c6f439606a8c77691e70b732f1bda291e0f2cce09c1
054164,LIMA,LIMA,INDEPENDENCIA,2026-04-13T02:49:16+00:00,2026-04-13T14:20:28+00:00,2026-04-13T14:26:26+00:00,11.62,204,ef5b6dcfd247cd234bcfcaef6706db0a11e6140706431dda0aab0f629303c0ca
054218,LIMA,LIMA,INDEPENDENCIA,2026-04-13T00:45:24+00:00,2026-04-13T01:56:15+00:00,2026-04-13T01:56:28+00:00,1.18,169,36787f704b5122f69d439934168bb8b9667fba0e4535e102d2c684880745fd9a
054357,LIMA,LIMA,EL AGUSTINO,2026-04-13T03:01:43+00:00,2026-04-13T13:25:55+00:00,2026-04-13T13:26:13+00:00,10.41,223,07b803c4c863aced326df3f3e8fe4ab28a06ead603da8d6cf91b5af2fd65c6da
054370,LIMA,LIMA,EL AGUSTINO,2026-04-13T01:05:12+00:00,2026-04-13T02:10:24+00:00,2026-04-13T02:11:52+00:00,1.11,150,fd030805c2439e44b72b577b990cfb916238adfac16961281b1c3ae6095aa37c
054516,LIMA,LIMA,EL AGUSTINO,2026-04-13T01:09:05+00:00,2026-04-13T02:53:36+00:00,2026-04-13T02:53:51+00:00,1.75,229,108b819b878068b741b6aac3503889f791f971223f257fd5d837ef3c090f99df
054824,LIMA,LIMA,EL AGUSTINO,2026-04-13T01:33:55+00:00,2026-04-13T03:12:05+00:00,2026-04-13T03:12:34+00:00,1.64,191,3132c0ed3a38f6ddab218f538d719377f403152ab1fb03a91d4fe98378249985
054841,LIMA,LIMA,EL AGUSTINO,2026-04-13T03:19:32+00:00,2026-04-13T12:42:13+00:00,2026-04-13T12:50:51+00:00,9.52,195,e2a06f1d15f16a98074dab7a04f2b657090c0ad33f0c0cbc42213c62ae62eb8f
054846,LIMA,LIMA,SAN JUAN DE MIRAFLORES,2026-04-13T01:32:56+00:00,2026-04-13T02:31:01+00:00,2026-04-13T02:31:27+00:00,0.98,219,4253504b6e89327276a74327e0a5f70b24d7a67713bdbfe06dc595937398d789
054847,LIMA,LIMA,SAN JUAN DE MIRAFLORES,2026-04-13T01:56:10+00:00,2026-04-13T04:26:55+00:00,2026-04-13T04:27:13+00:00,2.52,233,6274245532a561d9affdd2ef2b1ad84af7b8b91c90ddf8b320003d0f012e7cae
054852,LIMA,LIMA,SAN JUAN DE MIRAFLORES,2026-04-13T01:44:15+00:00,2026-04-13T06:05:32+00:00,2026-04-13T06:05:47+00:00,4.36,229,5c95c7143429ee181fbbed9568f3da53d20f17581165d8639102301503e043e7
054858,LIMA,LIMA,SAN JUAN DE MIRAFLORES,2026-04-13T02:30:04+00:00,2026-04-13T10:07:01+00:00,2026-04-13T10:07:35+00:00,7.63,213,74514816d6bb36e71f4f34fa3b883687fb7fa7adc85a5b27f6a1bc6df1a1c86d
054900,LIMA,LIMA,SAN JUAN DE MIRAFLORES,2026-04-13T01:55:16+00:00,2026-04-13T11:50:16+00:00,2026-04-13T11:51:00+00:00,9.93,206,2e0799cf0448f5363390a894dec1bb2c5b26501fd897d54bec171400a71aa0d7
054905,LIMA,LIMA,SAN JUAN DE MIRAFLORES,2026-04-13T02:44:16+00:00,2026-04-13T14:16:48+00:00,2026-04-13T14:17:24+00:00,11.55,200,41f7743c25b8c3ba3a43fc8c6e46922f23db280e3f92f8e6dbd13b34edf09016
054952,LIMA,LIMA,SAN JUAN DE MIRAFLORES,2026-04-13T02:05:09+00:00,2026-04-13T06:35:58+00:00,2026-04-13T06:36:11+00:00,4.52,177,dddeb6d9a93bb7609ec3d52591a5d60c3e0bdc9bc46b091707bbfdb2ae44d221
054956,LIMA,LIMA,SAN JUAN DE MIRAFLORES,2026-04-13T02:36:55+00:00,2026-04-13T13:27:04+00:00,2026-04-13T13:27:50+00:00,10.85,207,2bedef2113be3bae158f5f968a1e5ddd47ddb5e826d1a3768af2bd580f9c6ccb
055163,LIMA,LIMA,SAN JUAN DE MIRAFLORES,2026-04-13T02:58:29+00:00,2026-04-13T14:28:36+00:00,2026-04-13T14:28:51+00:00,11.51,218,34add8791e4497735035086975ed147c6b4a581838f775957a3d97cc3baf72d7
055164,LIMA,LIMA,SAN JUAN DE MIRAFLORES,2026-04-13T01:52:26+00:00,2026-04-13T13:30:48+00:00,2026-04-13T13:31:10+00:00,11.65,209,dda65648dfc37a4fd31074a9c282574f24c28b3c1cf1d2d3cd16384ec8f4efa2
055216,LIMA,LIMA,SAN JUAN DE MIRAFLORES,2026-04-13T01:36:10+00:00,2026-04-13T05:06:01+00:00,2026-04-13T05:06:39+00:00,3.51,208,72fc1f9eea721a71040b27d204b029f658a291cd3c2924e8348745faf3809fd6
055244,LIMA,LIMA,SAN JUAN DE MIRAFLORES,2026-04-13T02:19:14+00:00,2026-04-13T13:54:52+00:00,2026-04-13T13:55:09+00:00,11.60,223,4094100a6abcbcb6020a5933ea3b4b78e6b8ea05c618c81dd3a374a7935f3aee
055290,LIMA,LIMA,SAN JUAN DE MIRAFLORES,2026-04-13T02:22:41+00:00,2026-04-13T13:41:36+00:00,2026-04-13T13:43:04+00:00,11.34,202,09aac3838a2bf0357aa53e9e39473b072ef2b2cd0e12534c32b057175b6c09b6
055293,LIMA,LIMA,SAN JUAN DE MIRAFLORES,2026-04-13T03:11:12+00:00,2026-04-13T14:33:19+00:00,2026-04-13T14:33:59+00:00,11.38,205,8b81ed448b52c21aa45be7be1e2b9e5119917882014cc5d9ac38a8f35eb56cac
055295,LIMA,LIMA,SAN JUAN DE MIRAFLORES,2026-04-13T02:05:21+00:00,2026-04-13T06:01:38+00:00,2026-04-13T06:01:55+00:00,3.94,212,05b24a8ee83699b6ead0a29dbadfc5b83243b8f224111d198c45552b55b80bf6
055306,LIMA,LIMA,SAN JUAN DE MIRAFLORES,2026-04-13T02:27:33+00:00,2026-04-13T06:06:48+00:00,2026-04-13T06:11:54+00:00,3.74,224,cf1e007320fbe2d0c5e1e244b049ab53b2cf33ad8123c7baaed5d3caf160987b
055308,LIMA,LIMA,SAN JUAN DE MIRAFLORES,2026-04-13T03:28:14+00:00,2026-04-13T05:53:19+00:00,2026-04-13T05:53:37+00:00,2.42,209,5ef03acfd33058c8018de27e560b4e96c1d5b69f476d47da37ae0a0d21643107
055309,LIMA,LIMA,SAN JUAN DE MIRAFLORES,2026-04-13T03:29:27+00:00,2026-04-13T05:48:40+00:00,2026-04-13T05:48:58+00:00,2.33,193,8c7336fd08cf8355aeb745195c318566106d7349972b12d4012a9d56a468bb10
055444,LIMA,LIMA,SAN JUAN DE MIRAFLORES,2026-04-13T02:54:15+00:00,2026-04-13T12:57:53+00:00,2026-04-13T12:59:55+00:00,10.09,199,2720e8e74cceaa0496f787542722815c2df77f26ab316100da48e3e0d746aa0e
055469,LIMA,LIMA,SAN JUAN DE MIRAFLORES,2026-04-13T02:29:57+00:00,2026-04-13T03:28:04+00:00,2026-04-13T03:28:14+00:00,0.97,224,b4bb6825fa34d1eeadb8f4a853509368d02cebf7810338a2f6916b9edc706bf4
055482,LIMA,LIMA,SAN JUAN DE MIRAFLORES,2026-04-13T02:19:14+00:00,2026-04-13T05:05:33+00:00,2026-04-13T05:07:09+00:00,2.80,229,5a4fbfbd676820f0317cab2a1a9d705239c5f894186ff654d156e2606976ee80
055567,LIMA,LIMA,SAN JUAN DE MIRAFLORES,2026-04-13T03:11:05+00:00,2026-04-13T05:40:26+00:00,2026-04-13T05:40:46+00:00,2.49,204,3465df27787c8e504d2ecdc70bf2e1c20c04f6f94f8cfeabb2b2c608854c9ae2
055574,LIMA,LIMA,SAN JUAN DE MIRAFLORES,2026-04-13T01:41:36+00:00,2026-04-13T05:39:42+00:00,2026-04-13T05:41:14+00:00,3.99,209,2e741583a88e6cdb777ed279ccf6874364c81650ecfe660f020ac9367120996d
055585,LIMA,LIMA,SAN JUAN DE MIRAFLORES,2026-04-13T03:06:59+00:00,2026-04-13T07:48:05+00:00,2026-04-13T08:21:53+00:00,5.25,219,2f6f35cb35a4c0cacb5a3c31b301888ed16539ea94e9823dcbb945afbaae1667
055677,LIMA,LIMA,SAN JUAN DE MIRAFLORES,2026-04-13T03:43:49+00:00,2026-04-13T15:10:07+00:00,2026-04-13T15:14:45+00:00,11.52,215,7b3e8d242c15045f3a32289666dc7222bd77cc1cf804a7a1ccc8ba809ed4593b
055755,LIMA,LIMA,SAN JUAN DE MIRAFLORES,2026-04-13T01:50:32+00:00,2026-04-13T03:24:01+00:00,2026-04-13T03:24:26+00:00,1.56,198,827fe1d25cb10c3625c2498afb764421ae705df4d6fd94c0bdca333e92924680
055811,LIMA,LIMA,SAN JUAN DE MIRAFLORES,2026-04-13T01:48:40+00:00,2026-04-13T03:42:58+00:00,2026-04-13T03:47:16+00:00,1.98,204,338ff2a8d68134208d850017c411e934ac6818a7591bcb5612f7bbbe5e213019
055842,LIMA,LIMA,SAN JUAN DE MIRAFLORES,2026-04-13T02:59:33+00:00,2026-04-13T14:03:10+00:00,2026-04-13T14:03:52+00:00,11.07,210,73da2ecabde9a379a2d75453a8345b73f4341841a8142f7cc75cbe4beb43329f
055856,LIMA,LIMA,SAN JUAN DE MIRAFLORES,2026-04-13T02:41:38+00:00,2026-04-13T14:18:35+00:00,2026-04-13T14:19:03+00:00,11.62,198,d8d864f133ccec0ae1f88ca67349f967febcdc8c406d1943eb2956bfd5c40f70
055881,LIMA,LIMA,SAN JUAN DE MIRAFLORES,2026-04-13T02:59:30+00:00,2026-04-13T13:02:19+00:00,2026-04-13T13:02:44+00:00,10.05,209,9848bd9c37da9640a5fc980ff21b66c86b24567eef75e106274ddd4193c6d07e
055932,LIMA,LIMA,SAN JUAN DE MIRAFLORES,2026-04-13T02:10:22+00:00,2026-04-13T03:35:06+00:00,2026-04-13T03:35:33+00:00,1.42,208,5ce0e2371714b5c3722cc23781137726f640bd02659dbd73dfa0f65c1b66671c
055979,LIMA,LIMA,SAN JUAN DE LURIGANCHO,2026-04-13T02:01:09+00:00,2026-04-13T13:43:00+00:00,2026-04-13T13:43:19+00:00,11.70,214,4c8d1ee9bef3b59a8305e436fa38146d4dbe070620b74fc05b5c29e823be5a5a
056417,LIMA,LIMA,SAN JUAN DE LURIGANCHO,2026-04-13T02:37:51+00:00,2026-04-13T12:45:58+00:00,2026-04-13T12:46:25+00:00,10.14,236,83511929d2d16b905d442caa3b143eb44dba76e34da6e669712b3c6b963be65d
056570,LIMA,LIMA,SAN JUAN DE LURIGANCHO,2026-04-13T02:08:20+00:00,2026-04-13T13:33:44+00:00,2026-04-13T13:46:16+00:00,11.63,225,10abf1f4a84f6dd99cdce85cfea12cfc44191ed7c36007135830076dd8e7c3ea
056660,LIMA,LIMA,SAN JUAN DE LURIGANCHO,2026-04-13T01:02:23+00:00,2026-04-13T12:39:59+00:00,2026-04-13T12:47:03+00:00,11.74,188,b4583b6f295c5f18ff4774463a827c2cdfb5aa95a078d534c25254c6f7a5e0c6
056887,LIMA,LIMA,SAN JUAN DE LURIGANCHO,2026-04-13T01:40:39+00:00,2026-04-13T03:20:36+00:00,2026-04-13T03:20:51+00:00,1.67,235,8138f16f8757c86e487ae0b1334019353926acaf28e5a18ba3e62bf53a337ad3
056890,LIMA,LIMA,SAN JUAN DE LURIGANCHO,2026-04-13T01:52:24+00:00,2026-04-13T02:55:51+00:00,2026-04-13T02:56:02+00:00,1.06,228,9dd922adc307ececbc674a340631c9da9eab64e8a768c7f38aafbdf43b55ffd3
057161,LIMA,LIMA,SAN JUAN DE LURIGANCHO,2026-04-13T01:37:07+00:00,2026-04-13T13:17:45+00:00,2026-04-13T13:18:07+00:00,11.68,210,0457c3f00bdde6e4a159ca77e6041e6fbc70eef5e973d23b4e5ff9633d0abda1
057325,LIMA,LIMA,SAN JUAN DE LURIGANCHO,2026-04-13T01:43:43+00:00,2026-04-13T05:59:57+00:00,2026-04-13T06:00:19+00:00,4.28,171,eb45196f3b355231fb13f091fdf4b1021813c8ee1edab06882bb8ac2ff2a9330
057542,LIMA,LIMA,SAN JUAN DE LURIGANCHO,2026-04-13T02:17:36+00:00,2026-04-13T13:51:52+00:00,2026-04-13T13:52:54+00:00,11.59,222,cec13793366b15bf744413848f639a813942c13a2b9368197dbd10568c353a8c
057742,LIMA,LIMA,SAN JUAN DE LURIGANCHO,2026-04-13T04:12:45+00:00,2026-04-13T11:55:43+00:00,2026-04-13T11:56:35+00:00,7.73,218,05767799127959cb6f7000c85a7392f457734bcdc337f69e9658bc60da2648e7
057748,LIMA,LIMA,SAN JUAN DE LURIGANCHO,2026-04-13T01:44:28+00:00,2026-04-13T04:23:13+00:00,2026-04-13T04:23:47+00:00,2.66,205,51a006e450d775ed79efd8509912ff7fc2d12aab5573308eae9b19f7fbddfb82
058103,LIMA,LIMA,SAN JUAN DE LURIGANCHO,2026-04-13T06:17:29+00:00,2026-04-13T17:52:41+00:00,2026-04-13T17:54:01+00:00,11.61,158,1797237dd9b161e184852a9bdf7503dc7c65960bd8b90f40742ba07320f0079a
058203,LIMA,LIMA,SAN JUAN DE LURIGANCHO,2026-04-13T01:33:59+00:00,2026-04-13T02:12:54+00:00,2026-04-13T02:13:23+00:00,0.66,118,57833a5441c65db60d59046d7d0b37e7bc98729d19755c92457e3ae1cc2389e2
058550,LIMA,LIMA,SAN JUAN DE LURIGANCHO,2026-04-13T01:30:50+00:00,2026-04-13T02:22:45+00:00,2026-04-13T02:24:19+00:00,0.89,192,6ffb63e067f69acf590391b2612c33b288618a5422bba400d9796ff294fd92a3
058635,LIMA,LIMA,SAN JUAN DE LURIGANCHO,2026-04-13T02:18:56+00:00,2026-04-13T13:25:12+00:00,2026-04-13T13:25:46+00:00,11.11,244,f101049ca416ddedc39a0c3d217e68eff852f04fa7f6e281efa723f0724ddbfb
058751,LIMA,LIMA,SAN LUIS,2026-04-13T01:28:56+00:00,2026-04-13T02:14:27+00:00,2026-04-13T02:14:44+00:00,0.76,209,b60b959d837c437272c1c20ec838999f58c7397c7ca8fa6f79cb16ad2dd4255a
058788,LIMA,LIMA,SAN LUIS,2026-04-13T02:12:43+00:00,2026-04-13T09:45:50+00:00,2026-04-13T09:46:06+00:00,7.56,242,f946646a0c897ee1187167aff069216a5f4e0bebe41837ca3ef0d4378580c98a
058815,LIMA,LIMA,SAN LUIS,2026-04-13T01:47:34+00:00,2026-04-13T03:48:54+00:00,2026-04-13T03:49:23+00:00,2.03,206,ca8182c9caeab9ee549ac5604c3efa7e0508b4a69a94c4d5476c1455fba77e47
058816,LIMA,LIMA,SAN LUIS,2026-04-13T02:48:05+00:00,2026-04-13T13:23:56+00:00,2026-04-13T13:24:18+00:00,10.60,211,7926d94a82e9e0a71786cbe8c4c1bcca818fcc217bcc7eda19d870ee846f3c87
059084,LIMA,LIMA,SAN BORJA,2026-04-13T00:59:48+00:00,2026-04-13T03:10:37+00:00,2026-04-13T03:18:08+00:00,2.31,216,d72459de0328bd2c33cddea77cb54e7ba8969d20cc59dc3c83a2e2da65dc772e
059099,LIMA,LIMA,SAN BORJA,2026-04-13T02:44:10+00:00,2026-04-13T13:07:39+00:00,2026-04-13T13:09:23+00:00,10.42,215,7d1dc7923ca0bf4c63501b25944ee2878751b92a45adc0b350d476a03fc6d940
059307,LIMA,LIMA,SAN BORJA,2026-04-13T01:02:55+00:00,2026-04-13T03:44:22+00:00,2026-04-13T03:44:38+00:00,2.70,206,f1487b87ce61dcc708f983c10900274bf0cf16463b1a5ee25cab37357b547f4c
059310,LIMA,LIMA,SAN BORJA,2026-04-13T01:39:16+00:00,2026-04-13T04:13:53+00:00,2026-04-13T04:14:50+00:00,2.59,222,776d1879e262b66f647941af2bccf5bf700f1ea361cb66765ba225edb3752cdb
059352,LIMA,LIMA,SAN BORJA,2026-04-13T01:48:16+00:00,2026-04-13T05:47:49+00:00,2026-04-13T05:48:24+00:00,4.00,244,3426572277eb85fab3a92f80766de179ded78e695d58520b523d6005007562a8
060748,LIMA,LIMA,LOS OLIVOS,2026-04-13T01:55:43+00:00,2026-04-13T08:09:33+00:00,2026-04-13T08:10:17+00:00,6.24,233,c389c121126c8d7475faa0011dd0e367c6aa0470fe1f41887fa39b480da2e2ff
060766,LIMA,LIMA,LOS OLIVOS,2026-04-13T01:42:01+00:00,2026-04-13T03:55:52+00:00,2026-04-13T03:56:18+00:00,2.24,244,b9dc97606a2b7bd3354d2e71680f6722a3923cfb65aef73a2cc0d6d50b210859
060768,LIMA,LIMA,LOS OLIVOS,2026-04-13T01:45:06+00:00,2026-04-13T02:52:18+00:00,2026-04-13T02:53:09+00:00,1.13,219,469481aa8613759cb8a7c9e6f29f548c676c639782ea658c4caa737c9f736236
061157,LIMA,LIMA,LOS OLIVOS,2026-04-13T01:19:54+00:00,2026-04-13T02:26:21+00:00,2026-04-13T02:26:48+00:00,1.11,248,ff2766afb2d2044250f5ac14a6de7bdadd9b3f323f5e5a2a0f3d032d3a4f11a8
061272,LIMA,LIMA,LOS OLIVOS,2026-04-13T02:14:40+00:00,2026-04-13T13:43:38+00:00,2026-04-13T13:43:59+00:00,11.49,216,165caddbcca85ee4878ad5b69cd2043a098383b513ed0259e255f80dbd7df097
061283,LIMA,LIMA,LOS OLIVOS,2026-04-13T01:36:27+00:00,2026-04-13T04:19:06+00:00,2026-04-13T04:19:28+00:00,2.72,233,f76ae57218c3afd79aef087fa977b0798b1eb1aa02a6a405d1c21e2718820b1a
061291,LIMA,LIMA,LOS OLIVOS,2026-04-13T01:52:44+00:00,2026-04-13T03:15:33+00:00,2026-04-13T03:15:43+00:00,1.38,223,da5350fde003bc07a082d60d7231b8b191ef0b64794dd4336b8b020a74caac03
061349,LIMA,LIMA,LOS OLIVOS,2026-04-13T02:12:50+00:00,2026-04-13T03:42:06+00:00,2026-04-13T03:42:29+00:00,1.49,190,64db9d93bd21fe705c06789819245de009dc37153aeb77eabd2c9e011c2fbde9
061503,LIMA,LIMA,LOS OLIVOS,2026-04-13T02:10:30+00:00,2026-04-13T03:48:01+00:00,2026-04-13T03:48:54+00:00,1.64,205,8cd4a22c1234bcfb17f4e149077d7c71eddd20aad6fac71825db610acf89953c
061551,LIMA,LIMA,LOS OLIVOS,2026-04-13T01:28:29+00:00,2026-04-13T03:31:28+00:00,2026-04-13T03:32:13+00:00,2.06,203,e8b3270578224f6407cce6b06edea7b4d773e13dc5645384a3d689412d9d6aa9
061587,LIMA,LIMA,SANTA ANITA,2026-04-13T01:38:04+00:00,2026-04-13T13:09:37+00:00,2026-04-13T13:10:27+00:00,11.54,241,80dbb61b423bf69116641ca744b029192840ab7dc6c8b50867d5f90993a4dcb3
061822,LIMA,LIMA,SANTA ANITA,2026-04-13T02:17:18+00:00,2026-04-13T03:27:53+00:00,2026-04-13T03:28:18+00:00,1.18,231,88e06a122fec27cd86b4ed53c2808a51edf4fcd3636870f344f0d29fda04be19
061851,LIMA,LIMA,SANTA ANITA,2026-04-13T02:13:24+00:00,2026-04-13T03:36:13+00:00,2026-04-13T03:36:42+00:00,1.39,224,c10285618693766122dfe4073ed990b85fc8f92feb3fb7d6ab8498cd63d38100
061908,LIMA,LIMA,SANTA ANITA,2026-04-13T03:24:24+00:00,2026-04-13T14:58:10+00:00,2026-04-13T14:58:35+00:00,11.57,216,8538e768d14740579b58a00f1604cd52def033817ad04334f1c6aaee99555eac
061918,LIMA,LIMA,SANTA ANITA,2026-04-13T02:57:26+00:00,2026-04-13T13:39:50+00:00,2026-04-13T13:40:08+00:00,10.71,210,fbaeb5dbfada003d487e9a2f964a77b4b202a279865c6325aef5ee3318cbd596
061962,LIMA,LIMA,SANTA ANITA,2026-04-13T03:00:07+00:00,2026-04-13T14:06:35+00:00,2026-04-13T14:06:58+00:00,11.11,238,6c59b7ab2d34e3e6a80eed47abf4a9e48bb48cdc0471e83437a49c89879e5c0b
061993,LIMA,LIMA,SANTA ANITA,2026-04-13T02:34:11+00:00,2026-04-13T03:52:28+00:00,2026-04-13T03:52:43+00:00,1.31,227,765e9e0e33cfb751fdfa72a8e472cf7cdd2a85cfcf98eaa19e9e894fbc1bbd52
062064,LIMA,LIMA,SANTA ANITA,2026-04-13T03:39:59+00:00,2026-04-13T14:19:23+00:00,2026-04-13T14:19:56+00:00,10.67,218,a10be0b590899231ff616be81715201259386a3697d87b0451151a1e09c81fe7
062087,LIMA,LIMA,SANTA ANITA,2026-04-13T02:51:19+00:00,2026-04-13T14:16:18+00:00,2026-04-13T14:20:33+00:00,11.49,235,14cae3c916a5d903ca42e21d0882728cfeba8518e94981fc08739ac6e3a1d9ff
062088,LIMA,LIMA,SANTA ANITA,2026-04-13T02:44:36+00:00,2026-04-13T14:19:00+00:00,2026-04-13T14:19:41+00:00,11.58,223,8476e6a4faa67f406f1c5fbb729080bbbc8b961ca67bf6c85e110618452dba56
062089,LIMA,LIMA,SANTA ANITA,2026-04-13T02:04:29+00:00,2026-04-13T05:41:21+00:00,2026-04-13T05:41:48+00:00,3.62,223,3f755c999c8a05bb608aa0f354d4c36e83b607e94e4641188600317ad62e7267
062138,LIMA,LIMA,SANTA ANITA,2026-04-13T01:53:23+00:00,2026-04-13T02:35:40+00:00,2026-04-13T02:36:00+00:00,0.71,201,07625eae7a261f02babd291859a692e60bf9186a921e01717e7a0714e7868fa5
062143,LIMA,LIMA,SANTA ANITA,2026-04-13T01:33:07+00:00,2026-04-13T02:10:08+00:00,2026-04-13T02:10:25+00:00,0.62,205,dd91ad82ff0f88265dc046a22450ecf27310545dfb37e853d62c88ba54cee414
062148,LIMA,LIMA,SANTA ANITA,2026-04-13T01:47:56+00:00,2026-04-13T04:38:40+00:00,2026-04-13T04:39:11+00:00,2.85,234,f92550838fb5f5cb55b15ebf4d425504ba7367fb40cc80c9ca97a2895b7f7ede
081370,CALLAO,CALLAO,CALLAO,2026-04-13T01:46:47+00:00,2026-04-13T03:21:05+00:00,2026-04-13T03:21:41+00:00,1.58,250,a254ea63d06abfe791269c2221507b100d5ae693015106617c51111d5bc18fcb
081450,CALLAO,CALLAO,CALLAO,2026-04-13T03:59:11+00:00,2026-04-13T14:25:11+00:00,2026-04-13T14:25:34+00:00,10.44,239,31845cbe926a5573fcf62b4b1132bc8fa104b3c28c9e57ed0d37c85a44218bbf
081742,CALLAO,CALLAO,CALLAO,2026-04-13T01:48:14+00:00,2026-04-13T03:03:10+00:00,2026-04-13T03:03:27+00:00,1.25,193,0c58ab8ac23c30feecb8ba165de429b036bd7b95dbaf0ba07ed79bcc11b2a28f
081743,CALLAO,CALLAO,CALLAO,2026-04-13T00:48:38+00:00,2026-04-13T02:20:26+00:00,2026-04-13T02:20:49+00:00,1.54,204,9e3dc95821d4e9239da004cb7df851d5c2d7108eb388f34ab82f0feae3d5acd8
081763,CALLAO,CALLAO,CALLAO,2026-04-13T02:02:18+00:00,2026-04-13T10:41:19+00:00,2026-04-13T10:41:33+00:00,8.65,200,2ad85af072227e86590abb1e8544fe38bae4f02c737ed0ef2f777aea3eaab251
081776,CALLAO,CALLAO,CALLAO,2026-04-13T02:17:22+00:00,2026-04-13T13:14:35+00:00,2026-04-13T13:17:19+00:00,11.00,183,af1ac402994f94f7e5204731580c57282e87fa88bc9693d99bc9e4900efd386e
082123,CALLAO,CALLAO,CALLAO,2026-04-13T01:32:30+00:00,2026-04-13T02:45:24+00:00,2026-04-13T02:45:42+00:00,1.22,150,8932a0f65c2b54cba26f3f748ba4b2eb58eefb45a82d4b8c1898db2a55b60e8f
082124,CALLAO,CALLAO,CALLAO,2026-04-13T01:43:25+00:00,2026-04-13T03:30:15+00:00,2026-04-13T03:31:25+00:00,1.80,154,caec9d7028729bb8660149e69b0b56c4e8bc3571d3518d394f416769a4154c88
082326,CALLAO,CALLAO,CALLAO,2026-04-13T02:28:45+00:00,2026-04-13T12:42:46+00:00,2026-04-13T12:58:21+00:00,10.49,187,83f838e295c46f5a1c81fd7495558098fac5f667ec41cd2458e2aea73805f3e4
082374,CALLAO,CALLAO,CALLAO,2026-04-13T00:48:24+00:00,2026-04-13T02:21:58+00:00,2026-04-13T02:26:43+00:00,1.64,167,c36db686f664eb7008f9a700968bfdf2a476eed789f4c6460805933348bb418f
082544,CALLAO,CALLAO,BELLAVISTA,2026-04-13T01:37:51+00:00,2026-04-13T03:11:02+00:00,2026-04-13T03:11:19+00:00,1.56,253,2708772a4312fd60863c246b71401cdfbb38b067e9b6a6d01aafa598df855413
082560,CALLAO,CALLAO,BELLAVISTA,2026-04-13T01:41:07+00:00,2026-04-13T13:19:25+00:00,2026-04-13T13:19:54+00:00,11.65,184,853759d798ae34ca77f2e88bb523f42ba3325edc29652cc4c7c1707a9ee4703e
082561,CALLAO,CALLAO,BELLAVISTA,2026-04-13T01:42:57+00:00,2026-04-13T13:06:21+00:00,2026-04-13T13:10:33+00:00,11.46,175,4edd1798153228cc6f45cf717c1c9e5a01f6e70b36a698bb84ad0e175d825c0b
082633,CALLAO,CALLAO,BELLAVISTA,2026-04-13T04:21:31+00:00,2026-04-13T14:21:25+00:00,2026-04-13T15:29:44+00:00,11.14,197,483815719c9194ab859529fe32048be185a0e44e4c64494dea292fb12b24a14a
082644,CALLAO,CALLAO,BELLAVISTA,2026-04-13T01:46:56+00:00,2026-04-13T03:44:12+00:00,2026-04-13T03:44:28+00:00,1.96,223,5ed4148a2f3e7852279c19c891c09692738f2e41f0cc9818dd463ebcbbfe19ab
082788,CALLAO,CALLAO,CARMEN DE LA LEGUA - REYNOSO,2026-04-13T01:31:17+00:00,2026-04-13T02:40:55+00:00,2026-04-13T02:41:10+00:00,1.16,215,34bbd22762b040598f75ebcf1d877b2f45e12b2ee84ac51468f0e5c564562d77
082789,CALLAO,CALLAO,CARMEN DE LA LEGUA - REYNOSO,2026-04-13T02:58:50+00:00,2026-04-13T04:42:17+00:00,2026-04-13T04:42:39+00:00,1.73,209,8d6aebe42f87ef61f15331815809179262afbf63b2758b0562618795fe3f9a44
082851,CALLAO,CALLAO,CARMEN DE LA LEGUA - REYNOSO,2026-04-13T02:54:55+00:00,2026-04-13T04:38:40+00:00,2026-04-13T04:38:53+00:00,1.73,195,99e424f9bd5e03ac23b3fa20fa61426beea8f5ca4dbe9c4f88cbb22a5082091b
082902,CALLAO,CALLAO,LA PERLA,2026-04-13T01:00:31+00:00,2026-04-13T03:28:54+00:00,2026-04-13T03:29:10+00:00,2.48,163,11dca254b0920836fa68c29b779ee842c078a768edb97eea4eda00a59e8779bc
082916,CALLAO,CALLAO,LA PERLA,2026-04-13T02:00:44+00:00,2026-04-13T13:11:47+00:00,2026-04-13T13:12:14+00:00,11.19,201,18ca2989312389fa8931d7c4a4b36076dea6671e97750e2300d43cbf0473839d
082924,CALLAO,CALLAO,LA PERLA,2026-04-13T02:20:00+00:00,2026-04-13T13:56:25+00:00,2026-04-13T13:57:03+00:00,11.62,211,27ab0cdf1bb60362412c1e97b575516ae12446f2403b4a14369379e19fab2183
082925,CALLAO,CALLAO,LA PERLA,2026-04-13T03:37:43+00:00,2026-04-13T15:02:00+00:00,2026-04-13T15:02:16+00:00,11.41,262,fc544fc1569e23862f0f7821a6048fc9e8f11df4efaeaf4e5c0344043ec68d4e
082928,CALLAO,CALLAO,LA PERLA,2026-04-13T02:42:45+00:00,2026-04-13T14:06:02+00:00,2026-04-13T14:06:13+00:00,11.39,270,48d229ad293b2992368aee175562ff0223342b443ec66de2523deeca3b1275d7
082983,CALLAO,CALLAO,LA PERLA,2026-04-13T01:32:06+00:00,2026-04-13T03:03:35+00:00,2026-04-13T03:03:56+00:00,1.53,215,3beb86b3909f81a126cc8bdec2221c513f3399e3a2f769549c8acae58289b2a5
083014,CALLAO,CALLAO,LA PERLA,2026-04-13T02:30:59+00:00,2026-04-13T13:40:37+00:00,2026-04-13T13:41:14+00:00,11.17,139,27ec016ccb5050a0e2d02b239d0ddd15621fbabd1a488a19b63ca9258fbce58c
083035,CALLAO,CALLAO,LA PERLA,2026-04-13T02:59:27+00:00,2026-04-13T14:20:10+00:00,2026-04-13T14:20:27+00:00,11.35,204,3966ec048272cae4af0bf85749ec6fe0c1e11b59bac655ab8a4783be9891b029
083047,CALLAO,CALLAO,LA PERLA,2026-04-13T01:45:43+00:00,2026-04-13T04:14:18+00:00,2026-04-13T04:14:31+00:00,2.48,211,600c18945d61f03b788b4ef3a1d1b6b95611aba48addf3f229084a9f3edc5a9c
083098,CALLAO,CALLAO,VENTANILLA,2026-04-13T00:50:51+00:00,2026-04-13T02:23:52+00:00,2026-04-13T02:24:19+00:00,1.56,206,5d0b0d45f8436cdd21a492c20fbab1dd8f50123b2d79be427e6da18444a04acb
083099,CALLAO,CALLAO,VENTANILLA,2026-04-13T00:24:50+00:00,2026-04-13T05:13:05+00:00,2026-04-13T05:13:20+00:00,4.81,242,a9b65e40bb4fc4386b90af4345adeb6c29205ecfabdb2cefa788d31692fe1332
083302,CALLAO,CALLAO,VENTANILLA,2026-04-13T02:59:00+00:00,2026-04-13T13:16:43+00:00,2026-04-13T13:17:02+00:00,10.30,203,29067c624f6e1094c08f5e90d97db57e0e2d93caf79d872b016bef4981e2705a
083304,CALLAO,CALLAO,VENTANILLA,2026-04-13T02:51:21+00:00,2026-04-13T14:38:03+00:00,2026-04-13T14:38:24+00:00,11.78,203,1815ec9479b12f031d31f98fb1557c6b0050dca3e31c6fec3cc9fdee341cdb25
083407,CALLAO,CALLAO,VENTANILLA,2026-04-13T02:00:05+00:00,2026-04-13T02:58:31+00:00,2026-04-13T02:59:31+00:00,0.99,189,75fdaeda8bbfaf7676b6212d289f083ef67c45122ba439ee39b6250f24b58ce8
083565,CALLAO,CALLAO,VENTANILLA,2026-04-13T03:24:50+00:00,2026-04-13T06:00:21+00:00,2026-04-13T06:00:33+00:00,2.60,213,5cca4d798f4da40f6bf118dc9893b3e4bd906e3ffeb5f83cde5a2b2089466e45
083583,CALLAO,CALLAO,VENTANILLA,2026-04-13T02:27:04+00:00,2026-04-13T13:44:04+00:00,2026-04-13T13:54:45+00:00,11.46,208,5dea62e608a2599329296ce5b29d7ad34f3aecc14fece286c04586957fee519e
083612,CALLAO,CALLAO,VENTANILLA,2026-04-13T02:41:17+00:00,2026-04-13T14:22:36+00:00,2026-04-13T14:22:53+00:00,11.69,188,c8d0b784acec7a03c24c48c75d554e2c57139983599c42f7908984bb87dfb612
083700,CALLAO,CALLAO,VENTANILLA,2026-04-13T01:41:04+00:00,2026-04-13T02:44:54+00:00,2026-04-13T02:45:43+00:00,1.08,165,ca32ea07f8eebd1d4a7632744018496e1ca24716b4ae2d0ccdc6df3786a996f0
083834,CALLAO,CALLAO,VENTANILLA,2026-04-13T02:37:42+00:00,2026-04-13T14:08:13+00:00,2026-04-13T14:14:36+00:00,11.62,185,7f64dc135cac014aeae9ee4de12c8eb146e9587c057d88b97d03a96c07c93277
083898,CALLAO,CALLAO,VENTANILLA,2026-04-13T03:09:29+00:00,2026-04-13T14:07:15+00:00,2026-04-13T14:07:28+00:00,10.97,220,12fd4457db8301d7d5f5ef08f9d04fd0086e70d4dac169f15328ac8087b6b0ef
083918,CALLAO,CALLAO,MI PERÚ,2026-04-13T01:09:22+00:00,2026-04-13T02:02:11+00:00,2026-04-13T02:02:32+00:00,0.89,157,3b703bc2eb8df7663e5c0da4d8f6fa4847fa011885a86c22262024fb6202314c
